index,degree,closeness,betweenness,eigenvector,entropyK,meanK
管各庄西,0.004830917874396135,0.06412639405204461,0.004760735048133722,5.2021114823182425e-05,91.04810250188646,0.007937423851662243
育新,0.004830917874396135,0.06683887633193412,0.005144554560587675,9.512421051305068e-05,88.11083902785259,0.009327064412631796
陶然桥,0.004830917874396135,0.08387358184764993,0.02599562631137604,0.002066621129798938,120.90978215050485,0.02339137758139241
苏州桥,0.00966183574879227,0.08089097303634232,0.08147656631385404,0.02872059620822717,93.44706045309478,0.010844518494670856
亦庄桥,0.004830917874396135,0.059033224012548124,0.01428317990587704,1.7668520671349925e-06,86.44343073363527,0.007909904068461633
立水桥,0.00966183574879227,0.07356076759061833,0.0642900540177429,0.0009003389567908172,77.22009714748161,0.007089102802901735
五棵松,0.004830917874396135,0.07050408719346049,0.030804669135277726,0.0008017928177967487,89.35100852031873,0.00964585445764318
东夏园,0.004830917874396135,0.0414538900570742,0.004830917874396136,1.1873321607428425e-09,79.6008313667837,0.006112437662479861
望京,0.00966183574879227,0.07688022284122563,0.07687537517945615,0.002868150086546521,64.31080789486127,0.005722479127238631
通州北关,0.004830917874396135,0.05206237424547284,0.028634593115064742,6.282020007760579e-07,79.52237686258756,0.005936387190904686
生命科学园,0.004830917874396135,0.06657018813314038,0.03066014817602704,0.00012489763022178162,81.5580158515831,0.006908600521073955
昌平东关,0.004830917874396135,0.04680081392719873,0.014422570796925991,2.22739074125302e-08,55.35292014705219,0.004393453204765746
学院桥,0.004830917874396135,0.08206144697720516,0.024998285906451662,0.016849569480959496,101.89300218181373,0.013714889787772043
亦庄文化园,0.004830917874396135,0.05590817015530048,0.009697901923399348,5.082063785659654e-07,86.2358827016364,0.007128911855487017
芍药居,0.00966183574879227,0.08459337964854924,0.05714190308506072,0.010618294429596291,114.66293327603356,0.018385051694783994
菜户营,0.004830917874396135,0.0823716673298846,0.012819859073323815,0.0015291882412947525,115.38517510516526,0.022174897654424763
劲松,0.004830917874396135,0.0798611111111111,0.003110089675342156,0.0038195667844270788,131.30881822802144,0.019200974371834562
四惠,0.004830917874396135,0.07719559947790416,0.06018725136790199,0.0026969158412446987,127.90005077141863,0.010953255873695463
刘家窑,0.004830917874396135,0.07622905542257412,0.007737627641477172,0.00047319378380638135,114.97652351430101,0.015042225894059303
七里庄,0.00966183574879227,0.07189996526571726,0.04893137728647757,0.0010098815140523495,84.7096912499585,0.008619459121436527
甘家口,0.00966183574879227,0.09001956947162426,0.03118078204896092,0.06055941405683395,119.62214576428278,0.024966917205636718
枣园,0.004830917874396135,0.05865684329838481,0.028634593115064742,4.57875228810986e-06,63.764085230749856,0.005325548908143809
张自忠路,0.00966183574879227,0.09918543363679924,0.12240895776450132,0.1725845145174074,136.40226935461175,0.03293677578874117
首经贸,0.00966183574879227,0.07983031237948322,0.13102874101039022,0.000891791521402115,94.6252964606595,0.011636670063924229
二里沟,0.00966183574879227,0.09027474923680767,0.040551773553444116,0.08476789554828909,118.34992448809159,0.023754112652714317
立水桥南,0.004830917874396135,0.06936997319034853,0.0014543441219933484,0.0003943609571566129,88.12865892669666,0.009421878075733445
安定门,0.004830917874396135,0.09218436873747493,0.007670899582205594,0.04196878700026193,132.39425622448988,0.029445576575030902
霍营,0.00966183574879227,0.07128099173553719,0.05250252359453937,0.0003198116602174375,76.52503455557246,0.007578393651986772
宋庄,0.004830917874396135,0.06429569808976549,0.033325145336936056,4.895076832573648e-05,67.59456461965425,0.005212488304579225
楼梓庄桥西,0.004830917874396135,0.06038506417736289,8.187996397281586e-05,1.852287330462725e-05,85.36780334804492,0.007867615274925209
豆各庄,0.004830917874396135,0.046087053322943335,0.01866315393791971,2.5119944096688766e-08,117.14807951993873,0.01701544092222249
天安门东,0.004830917874396135,0.08626797249426964,0.004623723568600211,0.011798711065400988,138.13527171703856,0.033547710299211976
郭公庄,0.007246376811594201,0.06676342525399129,0.0981408848204424,3.084723155449516e-05,69.11300866937093,0.006271173675140513
虎坊桥,0.004830917874396135,0.0855902418854662,0.02606453473726455,0.005326809795924735,131.20919639045093,0.02754662495098709
和平里北街,0.004830917874396135,0.08706624605678233,0.005949272558878709,0.013750414794528184,130.60094298158663,0.030289911064812904
次渠南,0.004830917874396135,0.05908377336948765,0.014421596035450122,6.926659942322655e-06,88.08790610933643,0.007462037680234556
巩华城,0.004830917874396135,0.060606060606060615,0.03799230328338656,1.1706862908382245e-05,55.238336439743925,0.004636152814212457
安河桥北,0.0024154589371980675,0.05915130732961853,0.0,0.00013827136065887064,69.65152321518511,0.006299037428998827
安贞门,0.004830917874396135,0.08311584019273237,0.02422480818999126,0.00596173557396212,117.11466375831958,0.021822934842704474
花园桥,0.004830917874396135,0.08172127911567313,0.030985454682548888,0.019838808225213226,110.63927345018072,0.015592172630384272
四环路,0.004830917874396135,0.07458115654836966,0.08628951199423006,0.00025551826723344136,85.16299662957695,0.009359556678750467
大井,0.004830917874396135,0.06717507707285413,0.019183305845059714,0.00028849879730199655,61.8460661856085,0.005409089934831164
南礼士路,0.004830917874396135,0.08882214117142244,0.025381897137305633,0.030572995030897318,130.49440576715693,0.02588904666641658
崔各庄,0.004830917874396135,0.06706625627733677,0.042636066954416255,0.0002340733284169704,47.319029727040764,0.003911736326779651
高楼金,0.004830917874396135,0.03934239285374893,0.0014932371048804358,2.3233661072493335e-10,112.05840896143258,0.017340213443994293
南邵,0.004830917874396135,0.05153099327856609,0.023920646617772632,2.729389333498118e-07,55.12567536070074,0.004390389763491931
颐和园南门,0.004830917874396135,0.06753670473083198,0.023920646617772632,0.0017332340687252516,50.44781141462116,0.0044262646699375074
十里堡,0.004830917874396135,0.07981492192018508,0.060977178884327014,0.004045517892137211,79.47055634373599,0.007301069832934545
四惠东,0.004830917874396135,0.0720250521920668,0.055683853349397135,0.0007704463867865347,120.90133714515876,0.010828606651780162
新发地,0.004830917874396135,0.08065458796025718,0.04168002089888605,0.001587358768162844,94.56890336609828,0.01182888821615839
天通苑北,0.0024154589371980675,0.06034105815478792,0.0,1.927866453695644e-05,96.28945459068413,0.011258341605128605
廖公庄,0.004830917874396135,0.06508410627259865,0.03453554211502933,0.00032643063638400463,87.49740037032197,0.008754817759031598
稻香湖路,0.004830917874396135,0.0460204535349044,0.009638441473371466,2.861597612947873e-07,41.537350169371805,0.003686101899159583
宋家庄,0.00966183574879227,0.07617295308187673,0.06538496792338998,0.00026511581396683416,98.70873990208474,0.010071659716452883
广安门内,0.004830917874396135,0.08345091715379964,0.03689969234121515,0.0054360096366338345,124.02230379052621,0.02409375451319893
永定路,0.004830917874396135,0.06940486169321039,0.003174266503739782,0.0010464946076736202,102.0476835671909,0.012705638112391048
车公庄西,0.004830917874396135,0.0931174089068826,0.035650667136328085,0.0960607855779642,128.03286780158638,0.027918799805626126
北苑,0.004830917874396135,0.07666666666666666,0.06200250144419533,0.0024375552182831274,87.61797322467851,0.00932329459746962
六道口,0.00966183574879227,0.07866235987079613,0.026104886192790184,0.005891266398286122,83.49506867305902,0.009092227829249705
安德里北街,0.004830917874396135,0.09029443838604144,0.013401981838233521,0.03843091792168398,128.31028941946013,0.028473447921495296
望京西,0.014492753623188403,0.08199643493761141,0.16548823495794826,0.008328575743113542,90.01825580287662,0.00960059574326651
团结湖,0.00966183574879227,0.09114927344782034,0.08488715567517488,0.0277621465703255,124.29954066162279,0.024240538692608907
知春路,0.00966183574879227,0.08419768151311775,0.07903125333148639,0.0468738126222831,101.17778552369356,0.014698176737785597
东坝中街,0.004830917874396135,0.06415620641562064,0.0016736654540633908,7.37983595545875e-05,99.53990551195973,0.011379415382904766
果园,0.004830917874396135,0.049034703304512615,0.02416006721986299,1.1963767158932828e-07,117.95781663628476,0.015762625429643927
北京大学东门,0.004830917874396135,0.06908059402636409,0.0037068229404264774,0.0020600717255586567,72.6982359594096,0.006703371855121363
天宫院,0.0024154589371980675,0.04355144119503472,0.0,2.285724464951495e-09,105.26433347659015,0.013300798230650949
永丰,0.004830917874396135,0.05061124694376528,0.019183305845059714,3.5082704571609352e-06,41.8160580045245,0.0037680314090846267
积水潭,0.00966183574879227,0.0993997599039616,0.11499139664298468,0.25181602187152063,128.7092019934264,0.030032348272011136
马连洼,0.004830917874396135,0.05938889685841343,0.033325145336936056,0.00015047680180479555,41.511160898801215,0.0037856329381343043
中关村,0.004830917874396135,0.0738362760834671,0.008221918096641752,0.006768607981703601,75.7524361447127,0.007377250126805113
曹各庄北,0.007246376811594201,0.06854304635761589,0.04733831631399797,0.00017135014848731797,84.4233649550327,0.0073480377210092705
花梨坎,0.004830917874396135,0.053261289077576233,0.023920646617772632,1.5590208246838605e-06,47.246287619664194,0.003986007109725097
管庄,0.004830917874396135,0.056805708013172335,0.037670261275377634,5.1314787756107045e-06,119.16034035894441,0.01286972084867462
长椿街,0.004830917874396135,0.08859405093087952,0.003604426097420458,0.032135283895120804,136.08146667555928,0.030534986711130634
东湖渠,0.004830917874396135,0.07145322747670002,0.009638441473371466,0.0008189549976465778,47.06895195156552,0.004303370546241602
高米店北,0.004830917874396135,0.06615532118887824,0.03799230328338656,5.6104423235923965e-05,63.994684815310336,0.00521651252083583
平房村,0.004830917874396135,0.06624,0.0023180821770559822,0.00010097447584395064,100.13329913633967,0.012047849347909572
朱辛庄,0.007246376811594201,0.0643456636617967,0.0470386475000996,4.09793913956854e-05,68.84454809514823,0.005689509160361754
西黄村,0.004830917874396135,0.061360604713205875,0.030020446958814062,9.343478871611182e-05,84.79592262695108,0.008377299462512032
将台,0.004830917874396135,0.07450062983624257,0.004172205132832568,0.0006210837160718356,109.37463137699713,0.01567157036132717
马泉营,0.004830917874396135,0.06301369863013699,0.03799230328338656,6.686932804405549e-05,47.45147045074347,0.004049652662478805
公益西桥,0.004830917874396135,0.077066269545793,0.010044722056512773,0.0008190644914528661,93.39900489602691,0.011077120919328363
黄村西大街,0.004830917874396135,0.05263157894736842,0.019183305845059714,3.7367637730294656e-07,63.387183559240164,0.0054496221350969895
玉泉路,0.004830917874396135,0.06615532118887824,0.02628957397906246,0.00022910563003869443,88.7945891205736,0.009624293711178162
燕化,0.0024154589371980675,0.03128542280661981,0.0,5.0238093319519085e-15,55.720753654719026,0.004259209990325294
万寿寺,0.004830917874396135,0.0821917808219178,0.028456034510759624,0.03379893724736198,105.37766350160499,0.01588742410707184
丰益桥南,0.007246376811594201,0.07672349888806522,0.01275370952442223,0.0008200714418202525,106.64072764977655,0.014737418353772073
六里桥东,0.004830917874396135,0.07715244129705554,0.012383858656809741,0.0025376418383373763,112.61807174437735,0.01627562619898347
荣昌东街,0.004830917874396135,0.05191873589164785,0.0033730646110896666,1.7324561358252207e-07,85.85495555728971,0.007592480420038418
燕郊北,0.004830917874396135,0.060526315789473685,0.028634593115064742,1.3984100347166495e-05,66.85293479858782,0.005409407622231701
四季青,0.0024154589371980675,0.06700113286939634,0.0,0.0008314725261619032,93.25460748657106,0.011253418228259354
奥林匹克公园,0.00966183574879227,0.07752808988764046,0.028352790779748945,0.002152711793037518,90.60113771921384,0.01083718235352909
万安公墓,0.004830917874396135,0.05631886818119984,0.009638441473371466,4.038743760516513e-05,50.62919703735235,0.004300518922598408
西铁营,0.004830917874396135,0.08585649108253837,0.015287063919726462,0.004236130583314277,115.58118657999779,0.022484146189439704
土桥,0.004830917874396135,0.04147049984974457,0.006146475145843499,8.10487867795621e-10,114.73340989452521,0.018697649364720577
黄厂村,0.004830917874396135,0.04815073272854152,0.023166551956424586,8.792993732525617e-08,117.81536154505126,0.016405304014338366
高家园,0.00966183574879227,0.07551988325428675,0.0295965723234304,0.0010395973361198422,91.9135188563595,0.010151067267703675
万源街,0.004830917874396135,0.05309734513274336,0.005112623940921658,1.5728621812908358e-07,85.03014845525021,0.007208904519857415
牡丹园,0.007246376811594201,0.09116934595903986,0.03905726922264096,0.050920055693311435,115.1648552231115,0.019689871951245882
金台夕照,0.004830917874396135,0.08599916909015372,0.002021724050358645,0.01324557872813442,142.11837386736124,0.029555021064747184
肖村,0.004830917874396135,0.07099982850282971,0.028109196679572502,7.573747016328699e-05,88.81621945921302,0.007487965760490236
崇文门,0.00966183574879227,0.088348271446863,0.022631570747678086,0.025228169193619428,136.97587946102763,0.030914391766299152
车公庄,0.00966183574879227,0.09866539561487132,0.07034585899389602,0.278931268866637,126.15546511978964,0.026709821674214568
望京东,0.004830917874396135,0.07165109034267912,0.04725643635002515,0.0008193640443445898,47.51665934167065,0.004125854105258658
西苑,0.00966183574879227,0.06704453441295546,0.05319975202068054,0.0018438241378321266,56.41415797743114,0.004965881476864893
丰台南路,0.00966183574879227,0.07291299753434308,0.04950043377746812,0.00031451191865809064,76.11380709482218,0.007541204986483508
科怡路,0.004830917874396135,0.06850901869932152,0.02291496567008541,9.16121650922664e-05,74.74010999133232,0.006962107184649314
木樨地,0.00966183574879227,0.08791675514971331,0.054041225120378594,0.021957572333983245,121.95454251331397,0.024746458561063944
化工,0.004830917874396135,0.06583969465648855,0.05018694006745378,0.00016176552867087113,120.54295567591835,0.01108404540205231
泃河湾,0.0024154589371980675,0.044573643410852716,0.0,6.980897576339397e-09,112.21109577451875,0.01120747904073522
方庄,0.004830917874396135,0.07972270363951472,0.020662238253620638,0.0012066609946294851,120.36877641561009,0.016868408836006234
生物医药基地,0.004830917874396135,0.04552952820851204,0.004830917874396136,8.654062971244506e-09,63.68419930485033,0.005058290048056386
勇士营,0.004830917874396135,0.07590759075907591,0.019183305845059714,0.002379273262943998,59.353646298770514,0.0051808107551588045
海淀黄庄,0.00966183574879227,0.07946257197696736,0.051140415535429216,0.023566796224629285,86.88288377985346,0.00998796562850649
朝阳港,0.004830917874396135,0.07617295308187673,0.04202684103199949,0.0008691491428221794,92.6526700130695,0.007692668632263615
回龙观,0.004830917874396135,0.07009820521503556,0.015818344775977326,0.000123192508026981,87.46708899060542,0.009082986341544086
天通苑,0.004830917874396135,0.06420595533498759,0.004830917874396136,7.299163900163045e-05,55.87845622843169,0.004915518137742113
稻田,0.004830917874396135,0.059576917542092385,0.087787018516569,2.517481283952361e-06,56.245789970256304,0.00506502784446994
通运门,0.004830917874396135,0.04955116696588869,0.023920646617772632,1.794627117390969e-07,79.84363130137258,0.005907626801589402
富丰桥,0.004830917874396135,0.06803615447822514,0.014422570796925991,8.984510957428722e-05,55.80518291255649,0.004663322823753169
朝阳门,0.00966183574879227,0.09826726798006173,0.13498668172504388,0.10164309692150587,144.22193758061687,0.0393807610547121
王府井北,0.004830917874396135,0.08990228013029318,0.004458107704360343,0.03257368953629165,137.5309993965747,0.03391379353092188
长阳,0.004830917874396135,0.056511056511056514,0.08337719759974735,7.191860900321455e-07,56.34698653590973,0.004739439907007617
德茂,0.004830917874396135,0.053158705701078585,0.004830917874396136,1.6641151173202733e-07,66.893869839221,0.005143724668258884
东管头,0.004830917874396135,0.07624309392265194,0.009316945768797595,0.0007068222335547015,109.83320394754945,0.01743317105549064
东四,0.00966183574879227,0.09954315941332052,0.12869046799472114,0.1738150119648993,139.63528419652738,0.03708556681190864
南锣鼓巷,0.014492753623188403,0.10275502606105734,0.2585002181653765,0.3263901794622863,130.27500862408283,0.02884022395344447
沙河高教园,0.004830917874396135,0.054252391560739084,0.028634593115064742,9.554117525610099e-07,54.61213269786382,0.004414725055497996
九棵树,0.004830917874396135,0.046896239238785685,0.019656669201358112,3.417800387443834e-08,117.63075789950159,0.01809112652872255
大钟寺,0.00966183574879227,0.08799149840595112,0.1045479959675472,0.08755116441700897,114.92218176964627,0.0201850748379319
大瓦窑,0.004830917874396135,0.05932081960166213,0.009638441473371466,2.3532036078330286e-05,61.536589912226134,0.005355360581060115
陶然亭,0.004830917874396135,0.08436926839209292,0.014700909717467337,0.004660731782867614,125.01765656740129,0.02717397142936154
龙泽,0.004830917874396135,0.07033639143730888,0.016051285326438073,0.00014661188568651382,87.31602881700256,0.008929006215728823
平西府,0.004830917874396135,0.0640074211502783,0.023032806015225216,2.924979530844256e-05,75.10094021049422,0.006878194790405279
磁器口,0.00966183574879227,0.0872681281618887,0.03283123673130426,0.010854662329494624,126.17063291254625,0.022194290489996767
惠新西街南口,0.00966183574879227,0.0828994793752503,0.034459832295503895,0.008243032191016202,110.95159818621518,0.018159854393492266
郝家府,0.004830917874396135,0.04323308270676692,0.009638441473371466,4.181800503211833e-09,79.02757420334595,0.006035872187655539
北沙滩,0.004830917874396135,0.07639785938365012,0.014109174400608588,0.0021245879557452675,93.0187518026533,0.011103520958705699
西单,0.00966183574879227,0.0892049127343245,0.0125579168885339,0.04935951609821748,132.34452400940773,0.02990844857234685
农业展览馆,0.004830917874396135,0.08630393996247655,0.010699289221589824,0.008481651537246232,124.4607805214315,0.021379335495177672
常营,0.004830917874396135,0.0612879348630644,0.04263606695441626,2.694475507566716e-05,79.16718675434251,0.006385795790082027
永定门外,0.00966183574879227,0.08204518430439953,0.033964536357167036,0.001613794194623709,110.9545603048199,0.01767756496073938
呼家楼,0.00966183574879227,0.09124972448754684,0.06891620130622007,0.03027579566122245,129.39476070922072,0.023558419986615207
马甸桥,0.004830917874396135,0.09039301310043668,0.019850236708727417,0.03812745999833912,125.61803769152337,0.023499648897050626
北邵洼,0.004830917874396135,0.04905794525417703,0.019183305845059714,7.79720719405751e-08,54.92538662375965,0.0044248131420107075
太阳宫,0.00966183574879227,0.08567880794701986,0.10757753114544658,0.010541482304444422,116.9777531390512,0.01980132369434854
大屯路东,0.00966183574879227,0.07625713759440045,0.020004588809126873,0.00184992819427045,91.36821535921602,0.01024633730619375
颐和园西门,0.004830917874396135,0.06335118592195868,0.019183305845059714,0.0004951431799790968,51.207190190909145,0.004508108341951611
蓟门桥,0.00966183574879227,0.09189789123196447,0.053174988067304564,0.10458702676106628,117.9189309151784,0.024092081905723813
慈寿寺,0.00966183574879227,0.07947782683816472,0.07188232745979768,0.010036632574023869,97.19900833024828,0.012658324510105668
星火站,0.004830917874396135,0.07379679144385026,0.009832518394513566,0.0010670661759677835,99.78005391268007,0.011890647870552577
达官营,0.00966183574879227,0.08596345514950167,0.05039007711083806,0.009146020848065,115.41322461544964,0.02174521398357159
景风门,0.00966183574879227,0.09185711116041713,0.1920667598709105,0.014509376759336768,116.52526973276078,0.023616103373536413
光熙门,0.00966183574879227,0.08836712913553896,0.04421338280418465,0.013089212796117576,122.68826087269312,0.02326580256464234
广阳城,0.004830917874396135,0.05119960425426663,0.07448737293984163,5.869367949400422e-08,56.647120188889566,0.004692265231848546
丰台东大街,0.004830917874396135,0.07068465084514257,0.02692108677599409,0.00034980084093710537,83.23473468456771,0.009064497840903346
梨园,0.004830917874396135,0.04493650276782807,0.01515327118285324,9.764887379731801e-09,116.79094535310065,0.01857954619759467
北京西站,0.007246376811594201,0.08119239066483623,0.01668285396538501,0.007545148787583206,112.28312171807114,0.019402977793611317
远大路,0.004830917874396135,0.07180020811654526,0.004830917874396136,0.0031480677695854852,53.81178852978263,0.004915335787969167
国贸,0.00966183574879227,0.08702964052974564,0.07920680976829096,0.01987376210712144,136.91249273454534,0.023215633246618426
北京南站,0.00966183574879227,0.08814136682989142,0.044040072945674254,0.006210713730726214,113.95822269486892,0.020300835482016225
丰台科技园,0.004830917874396135,0.06460674157303371,0.020144643462887503,3.23441651624805e-05,75.10314837714456,0.007033177549322307
北岗子,0.00966183574879227,0.07330028328611897,0.07164718922334809,0.0005497638945733043,99.40079752404169,0.00988848571866423
王府井,0.00966183574879227,0.08970747562296857,0.016420692072764597,0.02851831502806622,135.23030509541238,0.03314447865122194
雍和宫,0.00966183574879227,0.09161318875857492,0.013051580718144893,0.04009749589282639,125.07842168817955,0.024437438969457183
永安里,0.00966183574879227,0.09280430396772024,0.16958011166590342,0.039909659524316375,143.81812652060844,0.033684346426912926
北太平庄,0.00966183574879227,0.09563409563409564,0.08027385429268419,0.11765309170827905,120.00414113378254,0.023701523059286873
农大南路,0.004830917874396135,0.06299452221545952,0.03799230328338656,0.0005267378473320888,41.50849908307281,0.003869247665479121
大葆台,0.004830917874396135,0.06297535746881655,0.09217344515796984,8.812339536155769e-06,55.98971744411506,0.005068988155669084
展览路,0.004830917874396135,0.09249329758713136,0.027192996477355427,0.08019146073110668,130.94718871509846,0.03145219320532322
海淀五路居,0.004830917874396135,0.07402109780082246,0.04079805367936423,0.0029526434074534065,101.98154638029065,0.012422739375195613
石榴庄,0.004830917874396135,0.07632743362831858,0.047871192862329284,0.0001514255856387172,99.98745191669755,0.010768528514210098
旧宫,0.004830917874396135,0.06252831898504757,0.018868457888354725,6.181335213315631e-06,87.34124222001691,0.006674739867094483
湾子,0.004830917874396135,0.08108108108108109,0.004418892518017286,0.004408497528430477,120.5576409049798,0.022362216756297973
皂君庙,0.004830917874396135,0.08708456037021456,0.01465234873243612,0.06130781127422859,119.72479301927709,0.0246614694787328
马坊,0.004830917874396135,0.054131799163179915,0.019183305845059714,1.1412558766636529e-06,67.81599291117155,0.005184013180035167
西土城,0.00966183574879227,0.08776764892940428,0.05454686668708703,0.057903489225511036,109.30707717919157,0.017919679850570625
天通苑南,0.004830917874396135,0.06857710783501739,0.009638441473371466,0.00025707758171318243,56.17932056685524,0.00477580540774654
天通苑东,0.004830917874396135,0.0660287081339713,0.009638441473371466,0.00019407063317859505,59.75952050710923,0.005118644185254434
平谷西,0.004830917874396135,0.04891304347826087,0.009638441473371466,9.308903429512641e-08,67.36500295127624,0.0051380182772169936
植物园,0.004830917874396135,0.05333676887400154,0.004830917874396136,1.1467142510993245e-05,51.15556218331354,0.004595786642087849
广渠门外,0.00966183574879227,0.0888793473593817,0.09832946962568362,0.017259371469210156,132.63507981068472,0.02403545003005534
石门营,0.0024154589371980675,0.04041390081999219,0.0,1.4297728103389453e-09,103.14990023585457,0.012979436556236845
西二旗,0.007246376811594201,0.07099982850282971,0.04988385757643366,0.0004318999784300024,80.27430350982992,0.007683469560898376
田村,0.007246376811594201,0.0692887029288703,0.0396326820925448,0.0011424758794923735,88.1042174119769,0.009695238787329611
焦化厂,0.004830917874396135,0.05040788993059783,0.027669949974929442,3.0779472583999285e-07,118.32416481684035,0.013660549697648287
阎村北,0.004830917874396135,0.03975417706932975,0.04725643635002515,3.190374817777015e-11,56.362252047820824,0.004391934241910409
国展,0.004830917874396135,0.056173677069199464,0.028634593115064742,5.457289659592927e-06,47.487079014315505,0.004009827137993757
高碑店,0.004830917874396135,0.06750366867764553,0.05118045533089225,0.0002200986867423208,120.75592240415011,0.010691861714580754
俸伯,0.0024154589371980675,0.042167447545324914,0.0,2.7242925170314245e-09,76.6946960294806,0.006230173136650253
安立路,0.004830917874396135,0.07645429362880886,0.015072739738662775,0.0010571834614608046,98.70632125136518,0.012915544974059836
西四,0.004830917874396135,0.09443430656934307,0.0051750017352854005,0.1363885788575762,133.59898831308828,0.03149177580810157
巴沟,0.007246376811594201,0.07228915662650602,0.02914526601055008,0.006067116109679048,63.916022333668074,0.005856377533486767
苏州街,0.00966183574879227,0.07662409772348695,0.08827092296229397,0.016706776452657026,80.00318130026733,0.0081658214654854
灵境胡同,0.004830917874396135,0.08865096359743041,0.0020904258167269594,0.04906007400310527,133.42356428818712,0.03179470176872649
万寿路,0.004830917874396135,0.07546481954064893,0.03531976429149299,0.002806590737756199,92.36217680717508,0.0095659828848273
奥体中心,0.004830917874396135,0.0788721661268813,0.012080012598699752,0.004353150734916737,107.17496684772401,0.01674570439522868
顾八路,0.004830917874396135,0.03448275862068965,0.028634593115064742,2.1414208401074743e-13,56.54010047592989,0.004240415948924121
北运河东,0.004830917874396135,0.04516199410930512,0.014422570796925997,1.4645531756607858e-08,78.81848397643698,0.005892915287460215
看丹,0.004830917874396135,0.06375115491222667,0.009638441473371466,2.565385327814653e-05,55.01167907981723,0.004840750509071169
阎村,0.004830917874396135,0.03694449402106015,0.03799230328338656,2.6038787663459214e-12,56.21866009086327,0.004451087727843823
屯佃,0.004830917874396135,0.04821241411435891,0.014422570796925991,1.002190775408436e-06,41.39537142138309,0.003803255551474243
高米店南,0.004830917874396135,0.06219017575484453,0.033325145336936056,1.6027734134531687e-05,63.754100458208896,0.005708755888746839
木樨园桥北,0.004830917874396135,0.07646841521980052,0.0045390181157489926,0.00048131464942975487,106.70689221565178,0.014614614550596013
西坝河,0.00966183574879227,0.08957161401990481,0.11386591202293812,0.012974541394513086,123.33605365499163,0.024729607380179805
垡头,0.004830917874396135,0.05562273276904474,0.036676746011939175,3.7714735583695764e-06,119.24453338812796,0.012687707825628575
南法信,0.004830917874396135,0.04822364589400117,0.014422570796925991,1.2722803962486347e-07,47.42606981300667,0.0040159288844098615
新街口,0.004830917874396135,0.09720591688189716,0.02448903208030973,0.1893631310048554,129.28456777973733,0.027838780526808642
马昌营,0.004830917874396135,0.05139664804469274,0.014422570796925991,3.260170861251465e-07,67.10950329933475,0.005097517719176339
昌平,0.004830917874396135,0.04473257698541329,0.009638441473371466,6.359962752867078e-09,55.305785379765034,0.004181624889994724
珠市口,0.00966183574879227,0.08621407746772178,0.035728834635584954,0.008732575438669484,123.37038990355909,0.02461278574691801
北苑路北,0.004830917874396135,0.07151494213162896,0.00307446646908601,0.0005927651203075987,89.49981650569796,0.010129784754468992
平谷,0.004830917874396135,0.04664788732394366,0.004830917874396136,2.64306250862846e-08,67.53729822047244,0.004849742499452688
次渠北,0.004830917874396135,0.06657018813314038,0.0328562850670441,7.206292037676161e-05,90.40200367234186,0.007751073584169629
长春桥,0.00966183574879227,0.0773109243697479,0.04832999064074433,0.011087539070828944,74.53413166707698,0.00704292585958654
小马庄,0.004830917874396135,0.040836456894851055,0.00515295988240509,6.042252467233424e-10,114.96596249292156,0.02061288987609887
亦庄火车站,0.0024154589371980675,0.05894077448747152,0.0,6.403787027133794e-06,89.83888136208643,0.006907291388828969
欢乐谷景区,0.004830917874396135,0.05865684329838481,0.04118014403044405,1.3201887829862515e-05,119.56478131316663,0.012128604946637925
西小口,0.004830917874396135,0.06517632241813602,0.003308545394463697,4.0341503959497653e-05,86.23617549086347,0.008914712106975975
安贞桥,0.004830917874396135,0.086756077116513,0.014775402885753075,0.010212545715950223,126.03296041924347,0.028000383347000304
大望路,0.00966183574879227,0.0831659300924066,0.09297277257243558,0.009440442812760954,124.92419163239214,0.014380658293874504
草房,0.004830917874396135,0.05788590604026845,0.03799230328338656,7.697492398688495e-06,79.37378093171027,0.006334811607299575
临河里,0.004830917874396135,0.04313398624713482,0.010649873164348376,2.793184449498213e-09,115.3710020133332,0.019057325333377832
孙河,0.004830917874396135,0.0594059405940594,0.033325145336936056,1.910301808360865e-05,47.35316568182626,0.0040799587377847064
纪家庙,0.004830917874396135,0.08298256163559832,0.12389362661573973,0.0016413272879401018,101.47441056336642,0.014003025935115782
顺义,0.004830917874396135,0.04401913875598086,0.004830917874396136,1.031454106393973e-08,47.356119008893984,0.004030710180210717
万盛南街西口,0.004830917874396135,0.04419299743808711,0.014159755919414837,7.177578579674764e-09,116.41209231778241,0.017729072701457037
灯市口,0.004830917874396135,0.09324324324324323,0.008047319730324663,0.057469421628382276,147.46568593669542,0.039289488165444156
北工大西门,0.004830917874396135,0.07801017524024872,0.031465581304216755,0.0013840687617692133,123.97454670490892,0.014751820404051777
阜通,0.004830917874396135,0.07290015847860537,0.012178506503221205,0.0008923104943165601,79.92919787109318,0.0077932956208937735
香山,0.0024154589371980675,0.05064220183486239,0.0,3.0287194080209632e-06,84.93013096399099,0.008300158385542402
安华桥,0.00966183574879227,0.08814136682989142,0.03302311538772478,0.02670264366518257,116.49241092640743,0.021773998866283215
莲花桥,0.004830917874396135,0.0775571375046834,0.045182007693468036,0.003139625455051465,105.01609803027125,0.015194064121320362
西局,0.00966183574879227,0.07466185752930568,0.020512735850523,0.0011225413277326033,96.4983100441526,0.012492438147790372
亦庄站前区南,0.0024154589371980675,0.05894077448747152,0.0,6.403787027143858e-06,89.5703449114981,0.007375529839789354
黄渠,0.004830917874396135,0.06509433962264151,0.04725643635002515,9.431900525344051e-05,79.99368467982396,0.006431258321916658
公主坟,0.00966183574879227,0.0811764705882353,0.08440498943839518,0.009824340416853128,101.53904279579247,0.014301767424122506
荣京东街,0.004830917874396135,0.051595214356929216,0.00255329020988564,8.73005784223232e-08,85.22306533055821,0.007295210753729223
上清桥,0.004830917874396135,0.06981450252951096,0.002003167324955584,0.0008289951982346635,90.95964278964087,0.010543464076071226
军事博物馆,0.00966183574879227,0.08490566037735849,0.06915248509981471,0.021620817408774137,120.66247634837586,0.023743470194693483
丰台站,0.00966183574879227,0.07658157602663708,0.041054644180669855,0.0006595266705733937,98.34205923566539,0.013117554208164675
物资学院路,0.004830917874396135,0.05482717520858165,0.033325145336936056,2.1989952761619432e-06,79.55029234662706,0.005966061390114688
牛街,0.004830917874396135,0.09449897283725177,0.17183964061582335,0.03916512799953805,122.37422581718769,0.027410544150714623
西钓鱼台,0.00966183574879227,0.07969201154956689,0.04002519556662183,0.00962925184454642,102.37806756456253,0.013571280716663203
大郊亭,0.004830917874396135,0.07502718376223269,0.059193736104463525,0.0019821472962738814,128.0838568006344,0.010746465464970857
通州北苑,0.004830917874396135,0.05137751303052867,0.02866346523836788,4.187864492383702e-07,118.57278165303597,0.014537297177185396
十里河,0.014492753623188403,0.08209399167162404,0.10686694916416543,0.003042122165695996,104.61525774800987,0.01220351940640096
国家图书馆,0.014492753623188403,0.08782350445481545,0.06463242453941295,0.0992467648852465,106.0276193653568,0.017325979669373468
温阳路,0.004830917874396135,0.04400977995110025,0.004830917874396136,8.124889714278147e-08,41.438191421888426,0.0036241519608324877
青年路,0.004830917874396135,0.0742467718794835,0.05642699231498052,0.0011557107548594927,79.53960393667091,0.006623302661013025
玉渊潭东门,0.004830917874396135,0.08583868961227452,0.004928328018271441,0.02179451401539368,128.98378474272204,0.029575816746809667
义和庄,0.004830917874396135,0.04768486523842433,0.009638441473371466,3.0479731869163975e-08,63.575894531312294,0.005210487299804169
环球影城,0.004830917874396135,0.03993055555555555,0.001989994736599643,2.7543247419065083e-10,112.23481792875587,0.017328338306152213
和平西桥,0.00966183574879227,0.08652037617554859,0.02309594624952092,0.011963439701643024,119.80531820175713,0.021809029054038847
柳芳,0.004830917874396135,0.08893662728249195,0.028335441406983724,0.014001259613635034,133.9892602205983,0.03229623999759973
八里桥,0.004830917874396135,0.053955428124592725,0.033166863256872764,1.4659446317978284e-06,119.28747443298178,0.0137212474288868
圆明园,0.004830917874396135,0.06572471820923956,0.00029242844276005666,0.0010311030107950693,73.2549836673896,0.006902535583895636
白堆子,0.00966183574879227,0.08668341708542714,0.04367207459916958,0.04253228593856681,116.98277300825818,0.021696482579743645
北京站,0.004830917874396135,0.08817891373801917,0.006148986260717975,0.02106079984938684,147.92722545832567,0.03891060070832235
后沙峪,0.004830917874396135,0.05062362435803375,0.019183305845059714,4.453746569421439e-07,47.62279133992106,0.0039945957586957044
顾册,0.004830917874396135,0.03129488245521203,0.004830917874396136,5.371540642779047e-15,35.016533154966694,0.0032035097590068584
草桥,0.00966183574879227,0.0872865275142315,0.1921514176512529,0.005322496229458931,101.56439704947773,0.015102053945979438
小红门,0.004830917874396135,0.06648466356190783,0.023477130146253217,2.16365215211178e-05,87.21470981746043,0.006771526213734805
蒲黄榆,0.00966183574879227,0.08078048780487805,0.03373488921806833,0.0015264600381485773,112.51160272844137,0.013867104098458254
育知路,0.004830917874396135,0.06396786155747837,0.02282671430301005,1.8549041365408767e-05,75.90602605179153,0.007024102061171009
健德门,0.004830917874396135,0.08644811025266236,0.023382832776741826,0.017233656999337474,118.30984948072144,0.022894961104903046
东直门,0.007246376811594201,0.09364397195204703,0.0355312955648978,0.0399214553094706,132.152270432022,0.029827085713520694
惠新西街北口,0.004830917874396135,0.0773542600896861,0.003597802056484608,0.002665768300506212,107.5320298053224,0.014878423613207823
什刹海,0.004830917874396135,0.0955458112162474,0.005968588165894215,0.11758485318822474,134.2451655673098,0.031022303632066893
三河西,0.004830917874396135,0.057158635924340735,0.023920646617772632,3.994932469369132e-06,67.52543128110193,0.005377276912120091
良乡大学城北,0.004830917874396135,0.04888416578108396,0.07000736919675755,1.6767424709840953e-08,55.949851899769776,0.00463425969169633
回龙观东大街,0.004830917874396135,0.06681730148482892,0.025626478486428662,9.21946512765788e-05,79.20691524298482,0.006790887858271223
永丰南,0.004830917874396135,0.053247588424437296,0.023920646617772632,1.22805970566181e-05,41.59142708118073,0.003704344407104576
东四十条,0.00966183574879227,0.09815078236130867,0.12991206569290728,0.09704928946240006,139.6200733482327,0.034047042028018566
五福堂,0.004830917874396135,0.05612037413582757,0.009638441473371466,5.861036905580856e-07,66.9499921075608,0.005375960807897562
永泰庄,0.004830917874396135,0.06557896404245209,0.0034686427855434502,5.7614195622609434e-05,86.70882861167496,0.009618046008666956
天桥,0.004830917874396135,0.0823716673298846,0.010153227982147595,0.002732699142856049,126.29471816894674,0.024312029259825382
复兴门,0.00966183574879227,0.0928875925510433,0.03865065132993882,0.09379593394329358,127.33489088877315,0.027545218085208868
榆树庄,0.004830917874396135,0.05995655322230267,0.004830917874396136,7.2838587674188416e-06,55.3328242537248,0.004768409964784731
十三陵景区,0.004830917874396135,0.04283054003724395,0.004830917874396136,1.805774306830437e-09,55.57099530575438,0.004308918007954368
矿务局,0.004830917874396135,0.043949044585987265,0.009638441473371466,1.906576727051832e-08,62.428754301310626,0.005094993668300241
菜市口,0.00966183574879227,0.08628595248020009,0.04624269663932549,0.011435449006671814,121.41644878231769,0.02529657940269737
森林公园南门,0.004830917874396135,0.07220090687129402,0.010252787705281579,0.0006155367020622928,88.71143673554126,0.009502259274833509
园博园,0.004830917874396135,0.05602165087956698,0.004830917874396136,6.681414501254547e-06,61.268827369253124,0.005537397890672991
明光桥西,0.00966183574879227,0.0920409070698088,0.0734903973830295,0.13287292472990753,118.28636846823534,0.021639873072769183
苹果园,0.007246376811594201,0.055983772819472616,0.03462482182672543,1.0025713174013817e-05,78.06577350647991,0.006981181719439253
北运河西,0.004830917874396135,0.04726027397260274,0.019183305845059718,5.126816932887998e-08,79.30516689936955,0.006431966842855631
三元桥,0.00966183574879227,0.08476658476658476,0.033611834171972936,0.007990070342421916,114.9537098116179,0.02016139436901734
角门东,0.004830917874396135,0.07918898240244836,0.05710255870787671,0.0007188944428922221,99.00108837479893,0.010749533471779002
亮马桥,0.004830917874396135,0.08321608040201005,0.008590629496338877,0.00435053664785848,124.18901844421305,0.022716948257803453
四道桥,0.004830917874396135,0.05049396267837542,0.023920646617772632,8.182107954282899e-07,62.73221107655396,0.0052102097908622675
平乐园,0.004830917874396135,0.0775571375046834,0.03108834861305628,0.00219814990911114,124.38394834986985,0.015370139318330882
北安河,0.0024154589371980675,0.042158859470468435,0.0,2.1459584321421963e-08,67.47683844903406,0.00527859797177851
桥湾,0.004830917874396135,0.08511513157894737,0.017280733540021017,0.00517341152086241,133.5141202848849,0.026439704385720932
潘家园,0.004830917874396135,0.07705192629815745,0.0018295341311799188,0.0018123198935604036,130.45910762106953,0.01775516386166141
来广营,0.004830917874396135,0.06672038678485093,0.004830917874396136,0.00023252462213320166,46.76237191591986,0.004199799868039669
玉泉郊野公园,0.004830917874396135,0.05963699222126189,0.014422570796925991,0.00014144517463756683,50.74210403023768,0.004248778142336981
经海路,0.004830917874396135,0.0559232743482372,0.009789529502130823,1.979667782284033e-06,87.21404481569687,0.007088940187465968
上岸村,0.004830917874396135,0.0459438464099434,0.014422570796925991,6.677226744583146e-08,62.67434727859892,0.005106458403375439
西北旺,0.004830917874396135,0.0561584373304395,0.028634593115064742,4.298773580741848e-05,41.32607129263887,0.003742979654635559
万泉河桥,0.004830917874396135,0.07151494213162896,0.0571182931536653,0.0048996133068715825,71.11784775151965,0.0072475742088476125
鼓楼大街,0.00966183574879227,0.09578898658028692,0.027015213046175983,0.11880202456877548,124.09513913637542,0.02307820134322165
西直门,0.012077294685990338,0.0954356846473029,0.0908620767210506,0.24962891419422856,120.36490159361813,0.02294688164845593
云景东路,0.004830917874396135,0.04244847739157182,0.009656357900909959,2.0553420634802534e-09,115.32332729099946,0.018901511919007356
东风北桥,0.007246376811594201,0.07720999627004849,0.06188348401125723,0.0013119098601617513,102.80975011309658,0.011934786313963028
善各庄,0.0024154589371980675,0.06255666364460563,0.0,6.141476267687577e-05,79.89017651878142,0.006771522650251497
六里桥,0.00966183574879227,0.07540983606557378,0.05614583383223501,0.0020627074321496013,97.75582571822169,0.012996543162907067
车道沟,0.004830917874396135,0.07693737223564394,0.03737724828260934,0.005579348872446986,87.93457552221503,0.009482064242899487
人民大学,0.00966183574879227,0.08406091370558376,0.07711046688902712,0.04714682029416845,104.43236906215688,0.01700529780457356
瀛海,0.0024154589371980675,0.05048164857944153,0.0,4.3952865768404086e-08,113.07065052439486,0.01519566330701778
五道口,0.004830917874396135,0.07854297097324986,0.053802970992845874,0.013411076660259622,96.5968876399715,0.012485040197741265
同济南路,0.004830917874396135,0.053516028955532584,0.00596651499378102,5.686308145059994e-07,86.8081761198525,0.0066181088366685445
金安桥,0.004830917874396135,0.05310415597742432,0.028634593115064742,2.8641139633365594e-06,62.52794104911901,0.0053041288607594645
苏庄,0.004830917874396135,0.041313242191398064,0.05185341147021324,1.1167768907844287e-10,56.73204286437499,0.004259536761261825
潘家园西,0.004830917874396135,0.08473188702415063,0.0601747478723013,0.005362061884613754,132.71021786557543,0.023454956080298094
九龙山,0.00966183574879227,0.08065458796025718,0.08306411294940151,0.006938424963348426,124.04963272875122,0.013186663971299842
工人体育场,0.00966183574879227,0.09722874589008924,0.17849318074355747,0.053292707459156284,133.5177889551115,0.027998165267109885
前门,0.00966183574879227,0.08758197588322403,0.024441531435779502,0.01982979468603584,135.33865091040136,0.029113170771282667
枣营,0.004830917874396135,0.08051341890315053,0.06456499713071118,0.0037962210746435173,115.39413801366884,0.014368992819734798
古城,0.004830917874396135,0.05633419512858893,0.013810022245997968,7.76844834936605e-06,88.199631303787,0.009111409574301314
望京南,0.004830917874396135,0.07225130890052356,0.011648692065051685,0.00051025848287138,80.47007328126459,0.007459027195879735
成寿寺,0.004830917874396135,0.07550610979390844,0.04204509338241955,0.0003034075938466204,108.95791281869822,0.012454149697442837
篱笆房,0.004830917874396135,0.05373134328358209,0.07894398240750489,2.0545480733070077e-07,56.79270881538767,0.005118524349719688
双井,0.00966183574879227,0.08356883326604764,0.04088080405952282,0.012649078059464657,135.7387523009398,0.021102025203227157
北土城,0.00966183574879227,0.08438646555238484,0.040336294124828025,0.014328907374822257,108.96740107077922,0.016210030548163494
石佛营,0.004830917874396135,0.07946257197696736,0.01445873635897766,0.0037315525822500905,106.65564922789245,0.012325073320192406
红庙,0.004830917874396135,0.08217546645494242,0.023647717809439882,0.006233694131324359,123.36833623965416,0.01509743058806578
广渠门内,0.004830917874396135,0.08603491271820449,0.021265755142432043,0.007425522070729784,137.0920767935984,0.026596320089895285
双合,0.004830917874396135,0.052887072049054684,0.032173347993434305,1.0774226457136982e-06,118.61847039756329,0.01321271786431585
东风,0.007246376811594201,0.06845238095238096,0.01407058251669347,0.0001784361238477373,93.63899874622989,0.00975448142863856
上地,0.004830917874396135,0.07472924187725631,0.050533431114189266,0.0039023427661423905,95.33981709940791,0.011647075175737353
清河,0.007246376811594201,0.07193744569939184,0.05048117266908977,0.0013637223877318355,88.48137800080852,0.009921925933610793
白石桥南,0.00966183574879227,0.08708456037021456,0.05649810920380259,0.06507578641240984,112.99705683728884,0.01957610865618946
建国门,0.00966183574879227,0.09360162785439746,0.0680587360352142,0.05451087583964463,140.57242549248352,0.0348059978128873
和义,0.004830917874396135,0.06725146198830409,0.023920646617772632,2.5152744133348557e-05,66.29584511292852,0.005522811351957075
泥洼,0.004830917874396135,0.07348242811501597,0.01208638554587251,0.0004706825547592367,104.49061164709536,0.01501214704453097
清华东路西口,0.0024154589371980675,0.07293868921775898,0.0,0.001556010388912516,105.60967314976476,0.016025576844430896
木樨园桥南,0.004830917874396135,0.07302875286646675,0.002340541555195729,0.0002085283563009045,105.54489325867085,0.013722820260353197
黄村火车站,0.004830917874396135,0.05004230629759458,0.014422570796925991,1.0674633637962034e-07,63.75474216323488,0.005047117400791116
小园,0.004830917874396135,0.04211168751907232,0.004830917874396136,5.4133137493758295e-09,62.72877228904698,0.00506184998757292
楼梓庄,0.004830917874396135,0.060420315236427324,0.00012866851481442492,1.8108996053060534e-05,85.13999146801896,0.007654193471515787
潞城,0.0024154589371980675,0.039807692307692315,0.0,3.136000277810957e-10,130.3529435044783,0.018637481033117315
西红门,0.004830917874396135,0.07063641016891316,0.042636066954416255,0.00019639122255145458,63.74879700159798,0.005509302091372163
动物园,0.004830917874396135,0.09041275387639222,0.027316159828899,0.09214558371430984,121.09579987676369,0.025118774514910635
东单,0.00966183574879227,0.09161318875857492,0.026868039259495928,0.04377201379065964,142.34825710215904,0.03546754670125941
周口店,0.0024154589371980675,0.030347456384694323,0.0,1.4220676587939473e-15,54.92321697462033,0.004275027649576005
西洼地,0.004830917874396135,0.06310013717421124,0.019183305845059714,7.185532490992324e-06,66.33712203270203,0.005819605721550989
北神树,0.004830917874396135,0.07104856701561696,0.0374415630495218,0.00024859438522989945,89.84080865658913,0.007313144396821276
樊羊路,0.004830917874396135,0.06997971602434078,0.08207269384963006,7.563529825606233e-05,82.62613943091856,0.009113224626232892
郭庄子,0.004830917874396135,0.06301369863013699,0.014422570796925991,8.241406610678865e-05,61.24587812300502,0.005260796506689358
金台路,0.00966183574879227,0.08625,0.08905886442189008,0.014161168741215091,108.35302532094589,0.012827705785825039
北宫门,0.004830917874396135,0.06286061342241117,0.004830917874396136,0.0005235141273472525,41.29878450715949,0.0038941537872221933
北新桥,0.004830917874396135,0.09193870752831446,0.003426283224850489,0.05617390139230505,138.47664597435312,0.03438763694524066
宛平城,0.0024154589371980675,0.0565728341076797,0.0,1.9238240383492735e-06,93.89643760927845,0.010851149774806123
学清路,0.004830917874396135,0.07356076759061833,0.0048813084009771395,0.0017749658822826507,89.50494193623328,0.009401943440474497
八角游乐园,0.004830917874396135,0.05889884763124201,0.01727108080434231,1.9386686032095105e-05,88.07204009216031,0.009071492997088683
分钟寺,0.004830917874396135,0.07808374198415692,0.04382873504560535,0.0008836264922222788,110.53603762736138,0.012643288145317804
北海北,0.004830917874396135,0.09787234042553193,0.0,0.20963743505905946,135.87471358953172,0.033167612772558454
酒仙桥,0.004830917874396135,0.07139161924469736,0.019611027358076082,0.00041978454537599846,106.81734625255201,0.01286203372891543
清源路,0.004830917874396135,0.05548854041013269,0.023920646617772632,1.308043115491029e-06,63.879727866147164,0.005430119893573438
关庄,0.004830917874396135,0.07705192629815745,0.014751518044532553,0.002688362195734961,98.57590184338983,0.01219456888943012
未来科技城南区,0.004830917874396135,0.06196677144140099,0.004830917874396136,5.5102173839437354e-05,59.77113060029465,0.005230871881030824
传媒大学,0.004830917874396135,0.0635164160785517,0.046677057312387374,6.287709662431212e-05,119.99179480806511,0.011031245012395406
红莲南里,0.004830917874396135,0.08151210868281157,0.01791295567179287,0.0028259960486271755,117.71477102644889,0.023869529384387758
石龙路,0.004830917874396135,0.04811715481171548,0.019183305845059714,2.3374309472711931e-07,62.57910114695505,0.005112728232510197
双桥,0.004830917874396135,0.059973924380704036,0.0421736592938825,1.7962530074759147e-05,120.07676324359909,0.010727111368884108
金融街,0.004830917874396135,0.09836065573770493,0.17393331686467384,0.13377511042169646,122.8583724213266,0.027495521206430517
魏公村,0.004830917874396135,0.08331656268866976,0.0073552947430280185,0.03866570003956843,112.59632269649633,0.01920510096866733
丽泽商务区,0.00966183574879227,0.08067030397505846,0.028515538741126226,0.0015535835257862775,105.93703688636461,0.017166643292589503
火器营,0.004830917874396135,0.07218831734960768,0.0067559368222595935,0.004530914047079551,69.2983316485553,0.006381218376861725
角门西,0.00966183574879227,0.08309915696507426,0.06610194655766992,0.002413629882145855,97.64979370198489,0.01286706808358436
新宫,0.007246376811594201,0.07574094401756312,0.047268133487735564,0.0006874593849366835,79.90170681801919,0.007623008529782928
老城区北,0.004830917874396135,0.03229329173166927,0.004830917874396136,1.8941316119798985e-14,34.87630034535373,0.0032913398477791497
林萃桥,0.004830917874396135,0.06789111183994752,0.005918998183577551,0.00017779365577626967,87.12678807264992,0.009014598626974537
苹果园南路,0.004830917874396135,0.05804009533155755,0.02550535180259878,2.7326147707340288e-05,85.32296768710788,0.00837336904771846
知春里,0.004830917874396135,0.07947782683816472,0.02381345070575517,0.018604882508624236,97.56190478719941,0.012358373026526955
星城,0.004830917874396135,0.03567427832830677,0.033325145336936056,7.443189448550969e-13,56.19758153503224,0.004432699030772729
中国美术馆,0.004830917874396135,0.09419795221843004,0.007085213942372994,0.09481009203191244,137.8577432303748,0.03362359938696054
石门,0.004830917874396135,0.046030687124749836,0.009638441473371466,3.6327959030308655e-08,47.279389283047394,0.0039210549150055715
良乡大学城,0.004830917874396135,0.04675852721933589,0.06550397117825267,4.790064869270621e-09,56.59148121223005,0.004273190154192297
朝阳公园,0.00966183574879227,0.08616024973985432,0.09316808525642173,0.01306109806888137,103.55049221325532,0.014195288129041271
南楼梓庄,0.004830917874396135,0.062041060992057535,0.04568354204894892,4.621266454278542e-05,120.03792634258791,0.0115808564542632
褡裢坡,0.004830917874396135,0.0693815987933635,0.05185341147021324,0.0003301597927656832,79.48517504039677,0.006639890324697516
航天桥,0.004830917874396135,0.0813519355472588,0.0059790684023608145,0.01377698600012197,116.97284632726837,0.01800571407966841
次渠,0.00966183574879227,0.06262290122523068,0.02849325270106405,2.4245606329898113e-05,72.32520423516856,0.005699935605991296
和平门,0.004830917874396135,0.08692000839806845,0.009390616738142923,0.012599232844106398,139.67601352465908,0.03401402971568248
天安门西,0.004830917874396135,0.08626797249426964,0.00468036438774655,0.016153205508029192,136.9623783549032,0.03606330147966275
老城区,0.004830917874396135,0.03229833047277266,0.009638441473371466,1.8982178847071012e-14,34.97373132676729,0.003302558565193418
宣武门,0.00966183574879227,0.08763759525825572,0.01611082989839984,0.02787260989144389,127.47258772753638,0.030167560014218157
芳园里,0.004830917874396135,0.07888719512195122,0.020568843551518032,0.0023849297869684032,108.59705240584192,0.015329095184592646
体育中心,0.004830917874396135,0.06936997319034853,0.005586457405637549,0.00030850470272740754,99.89212859230923,0.012430642505483354
高辛庄,0.004830917874396135,0.06420595533498759,0.0048543121498169405,5.004024215662325e-05,86.34657746041991,0.007602693672503549
景泰,0.004830917874396135,0.08081202420456764,0.022405668486925316,0.0008294088027392108,120.0384974036104,0.019231537218099764
马家堡,0.004830917874396135,0.08275034979012592,0.00703623953088809,0.002277874968119601,112.70824792166718,0.017367616814436878
张郭庄,0.0024154589371980675,0.0530565167243368,0.0,1.764705527410954e-06,104.91056089360274,0.014962560410430521
东大桥,0.00966183574879227,0.09734305196332,0.1737549473954541,0.059459375110245724,142.80212215593005,0.032351035528647175
恩济东街,0.004830917874396135,0.07418025443468912,0.0071073168386548684,0.002819694657482002,103.01001094291311,0.013242861633761345
平安里,0.01932367149758454,0.10365548322483724,0.3447256136545691,0.4673255860535691,123.00605713842889,0.029015505832548524
清河营,0.004830917874396135,0.07063641016891316,0.014422570796925991,0.000679675568189644,59.435723831580376,0.00508013231139161
沙河,0.004830917874396135,0.05726141078838174,0.033325145336936056,3.344379559105765e-06,55.44713647912433,0.004425073032978986
良乡大学城西,0.004830917874396135,0.044800346282869816,0.060977178884327014,1.368410603921551e-09,55.97647762526874,0.004383337436983735
昌平西山口,0.0024154589371980675,0.04107550352217482,0.0,4.769438700122242e-10,89.90266055014735,0.008119245441300837
良乡南关,0.004830917874396135,0.04299065420560748,0.05642699231498052,3.9092320364287097e-10,56.01810184421654,0.004155206894828296
香河园,0.004830917874396135,0.09193870752831446,0.10987377906729497,0.01750260821526561,135.866238221004,0.02895613040978603
六营门,0.004830917874396135,0.05941446613088404,0.014422570796925991,2.0526565630793957e-06,67.19421512237044,0.005273762553314059
未来科技城北区,0.0024154589371980675,0.05835917676910065,0.0,1.455367134149696e-05,102.19475156531877,0.013280650193142294
八宝山,0.004830917874396135,0.06231186032510536,0.021774478822847183,6.56321746855294e-05,88.36261758383375,0.009097425367181805
大红门,0.00966183574879227,0.0773542600896861,0.07089393752749659,0.00030820199346610216,91.70225996346447,0.009205298062370306
阜成门,0.00966183574879227,0.09775678866587956,0.06388722661090848,0.2430563338848137,128.13033090642273,0.025054116795326483
百子湾,0.004830917874396135,0.07013383025580214,0.05469033808595866,0.0005662535697770157,120.61951311332304,0.009963783455976469
饶乐府,0.007246376811594201,0.0333628817793537,0.023990829444035047,6.656935302851283e-14,42.79538606641455,0.0035526815236535643
天坛东门,0.004830917874396135,0.08329979879275654,0.01198604995106765,0.0032701211807455587,128.77317031305017,0.022782441453598604
大红门桥,0.004830917874396135,0.07196245437163219,0.028634593115064742,8.804616865547304e-05,66.838818884654,0.005810061844807432
大紫草坞,0.004830917874396135,0.038301415487094086,0.042636066954416255,9.114215555481296e-12,55.81235639859415,0.004393412621651528
